file name,total branches,gshare mispredictions,gshare misprediction rate
gcc-short.br.txt,1000,416,0.416
art.br.txt,15061011,433100,0.028756369675315953
sjeng.br.txt,17102954,3932566,0.22993489896540678
sphinx3.br.txt,17826992,1481268,0.08309130334495017
mcf.br.txt,19518883,3011746,0.1542990959062565
