file name,total branches,global mispredictions,global misprediction rate,local mispredictions,local misprediction rate
gcc-short.br.txt,1000,366,0.366,415,0.415
art.br.txt,15061011,426582,0.02832359660317624,887086,0.05889949884506425
sjeng.br.txt,17102954,5217532,0.30506613068128463,4909683,0.2870663746157535
sphinx3.br.txt,17826992,6425697,0.3604476290784222,5777180,0.3240692540839195
mcf.br.txt,19518883,4440255,0.22748509737980396,3691518,0.18912547403455413
