file name,total branches,taken,not taken,taken percent,not taken percent,distinct branches
gcc-short.br.txt,1000,576,424,57.599999999999994,42.4,483
art.br.txt,15061011,11048300,4012711,73.35696122922957,26.64303877077043,55
sjeng.br.txt,17102954,11249775,5853179,65.77679504955694,34.22320495044306,1235
sphinx3.br.txt,17826992,9395761,8431231,52.70525167678316,47.29474832321684,438
mcf.br.txt,19518883,10925542,8593341,55.97421737709068,44.02578262290932,76
