file name,total branches,1-b # mispredictions,1-b misprediction rate,2-b # mispredictions,2-b misprediction rate,3-b # mispredictions,3-b misprediction rate
gcc-short.br.txt,1000,354,0.354,365,0.365,394,0.394
art.br.txt,15061011,7184799,0.4770462620338037,6668728,0.4427808996354893,3941136,0.26167805069659666
sjeng.br.txt,17102954,7710375,0.45082124409619534,6529924,0.38180094502972994,5897535,0.34482551961491564
sphinx3.br.txt,17826992,7928528,0.44474850271992045,8135920,0.4563820974396578,7593688,0.42596574901699624
mcf.br.txt,19518883,8913769,0.4566741344778797,9192860,0.47097264735897026,7715472,0.3952824554560832
